{
  "images": [
    {
      "src": "https://tr.rbxcdn.com/97130ea2defeefebd38d79f626df1c3c/768/432/Image/Png",
      "title": "Thumbnail for Roblox Headquarters Thumbnail",
      "description": "My first image"
    },
    {
      "src": "https://tr.rbxcdn.com/97130ea2defeefebd38d79f626df1c3c/768/432/Image/Png",
      "title": "City of Dreams Thumbnail",
      "description": "An open-world RPG in the vein of Shadow of the Colossus, with a focus on exploration and crafting."
    },
    {
      "src": "https://tr.rbxcdn.com/97130ea2defeefebd38d79f626df1c3c/768/432/Image/Png",
      "title": "Cryogenic Life Thumbnail",
      "description": "A cooperative game set in a futuristic New York City, where players must rescue each other in life-or-death situations."
    },
    {
      "src": "https://tr.rbxcdn.com/97130ea2defeefebd38d79f626df1c3c/768/432/Image/Png",
      "title": "Mafia II: Definitive Edition Thumbnail",
      "description": "A third-person shooter set in Prohibition-era New York City, with a deep open-world and RPG elements."
    },
    {
      "src": "https://tr.rbxcdn.com/97130ea2defeefebd38d79f626df1c3c/768/432/Image/Png",
      "title": "Dino D-Day Thumbnail",
      "description": "A cooperative game set in a war-torn world where dinosaurs and humans are fighting for dominance."
    },
    {
      "src": "https://tr.rbxcdn.com/97130ea2defeefebd38d79f626df1c3c/768/432/Image/Png",
      "title": "Star Jockey Thumbnail",
      "description": "A space-themed puzzle game where players navigate a giant cosmic egg."
    },
    {
      "src": "https://tr.rbxcdn.com/97130ea2defeefebd38d79f626df1c3c/768/432/Image/Png",
      "title": "The Forest Thumbnail",
      "description": "An open-world survival game set in a frozen wilderness, with players exploring, crafting, and fighting for survival."
    },
    {
      "src": "https://tr.rbxcdn.com/97130ea2defeefebd38d79f626df1c3c/768/432/Image/Png",
      "title": "The Forest Thumbnail",
      "description": "An open-world survival game set in a frozen wilderness, with players exploring, crafting, and fighting for survival."
    },
    {
      "src": "https://tr.rbxcdn.com/97130ea2defeefebd38d79f626df1c3c/768/432/Image/Png",
      "title": "The Forest Thumbnail",
      "description": "An open-world survival game set in a frozen wilderness, with players exploring, crafting, and fighting for survival."
    }
  ],
  "prices": [
    {
      "title": "Bronze",
      "features": [
        "Basic map with low poly assets and copyright remains reserved",
        "Commisions time may vary",
        "No customization options"
      ],
      "price": "$9.99"
    },
    {
      "title": "Silver",
      "features": [
        "Multi level map with low and some medium poly assets and copyright remains reserved",
        "Commisions time is defined by the designer and client",
        "2 customization options"
      ],
      "price": "$19.99"
    },
    {
      "title": "Gold",
      "features": [
        "Multi level map with high poly assets and copyright is yours",
        "Commisions time is defined by the designer and client",
        "5 customization options"
      ],
      "price": "$49.99"
    }
  ]
}
